{"train_loss":1.2078474033026048,"train_runtime":132.7362,"train/epoch":1,"train/num_tokens":144167,"train_samples_per_second":24.409,"train/global_step":405,"train/learning_rate":4.938271604938272e-07,"_wandb":{"runtime":132},"train_steps_per_second":3.051,"total_flos":1.146805145038848e+15,"train/mean_token_accuracy":0.82532639503479,"_step":8,"_runtime":132.17965043,"_timestamp":1.747930954496862e+09,"train/loss":1.0534,"train/grad_norm":18.308652877807617}