{"total_flos":3.2394481678934016e+16,"train_samples_per_second":25.791,"train/grad_norm":17.231082916259766,"train_runtime":4822.254,"_step":310,"_timestamp":1.7479332251770525e+09,"train/epoch":1,"train/learning_rate":7.332604360969962e-08,"train/num_tokens":4.262804e+06,"train_steps_per_second":3.224,"train_loss":1.1291690055232282,"train/global_step":15547,"_runtime":4821.616407591,"train/mean_token_accuracy":0.8042907993844215,"_wandb":{"runtime":4822},"train/loss":0.8827}