{"train/epoch":1,"_runtime":120.920330114,"train_steps_per_second":2.962,"train_samples_per_second":23.699,"_step":7,"train/learning_rate":8.333333333333333e-07,"_wandb":{"runtime":122},"train/num_tokens":130493,"train/mean_token_accuracy":0.8435591042041779,"train_loss":1.0991266224119398,"_timestamp":1.7479311500566864e+09,"train/grad_norm":14.394989013671875,"train/loss":0.9181,"train/global_step":360,"train_runtime":121.522,"total_flos":1.036425903556608e+15}