{"train_steps_per_second":3.258,"train_loss":1.097577081007116,"train/learning_rate":1.303475935828877e-07,"_step":119,"train/grad_norm":15.135442733764648,"train_runtime":1836.6107,"_timestamp":1.7479441347546966e+09,"total_flos":1.292195040467712e+16,"train/mean_token_accuracy":0.8069694568129147,"train/global_step":5984,"train_samples_per_second":26.062,"train/epoch":1,"train/loss":0.9844,"train/num_tokens":1.768157e+06,"_runtime":1835.981713168,"_wandb":{"runtime":1836}}