{"_wandb":{"runtime":4797},"train/loss":1.0517,"train/global_step":15547,"train_samples_per_second":25.927,"train_loss":1.1623781593986713,"train/learning_rate":7.20396217919856e-08,"train/mean_token_accuracy":0.7641769013506301,"train_runtime":4797.0254,"train/num_tokens":4.262804e+06,"train/epoch":1,"_step":310,"_timestamp":1.747935206192176e+09,"train/grad_norm":11.757736206054688,"train_steps_per_second":3.241,"total_flos":4.701759972441293e+16,"_runtime":4796.47834312}