{"_step":6,"train/global_step":315,"train/learning_rate":1.26984126984127e-06,"train/grad_norm":14.647706031799316,"total_flos":9.17403917217792e+14,"train/num_tokens":117046,"train/loss":0.9478,"_timestamp":1.7479314308027978e+09,"train_samples_per_second":23.096,"train/epoch":1,"train_steps_per_second":2.887,"train/mean_token_accuracy":0.846657645702362,"train_runtime":109.1086,"_wandb":{"runtime":108},"_runtime":108.534330444,"train_loss":1.0291070907834976}